,teamID,yearID,G,W,L,R,RA,RD,Wpct,PWpct,residuals
2385,ANA,2002,162,99,63,851,644,207,0.6111111111111112,0.6358569437993498,-0.0247458326882386
2386,ARI,2002,162,98,64,819,674,145,0.6049382716049383,0.5962123912369104,0.008725880368027905
2387,ATL,2002,161,101,59,708,565,143,0.63125,0.6109332361555121,0.020316763844487884
2388,BAL,2002,162,67,95,667,773,-106,0.41358024691358025,0.4267856080766065,-0.01320536116302623
2389,BOS,2002,162,93,69,859,665,194,0.5740740740740741,0.6252667133291416,-0.05119263925506756
2390,CHA,2002,162,81,81,856,798,58,0.5,0.5350234385268047,-0.03502343852680467
2391,CHN,2002,162,67,95,706,759,-53,0.41358024691358025,0.4638698131346456,-0.05028956622106534
2392,CIN,2002,162,78,84,709,774,-65,0.48148148148148145,0.4562539652573117,0.025227516224169744
2393,CLE,2002,162,74,88,739,837,-98,0.4567901234567901,0.4380567743384482,0.018733349118341902
2394,COL,2002,162,73,89,778,898,-120,0.4506172839506173,0.4287661296263764,0.021851154324240896
2395,DET,2002,161,55,106,575,864,-289,0.3416149068322981,0.306952515084192,0.03466239174810609
2396,FLO,2002,162,79,83,699,763,-64,0.4876543209876543,0.45630807736488693,0.03134624362276739
2397,HOU,2002,162,84,78,749,695,54,0.5185185185185185,0.5373438975657694,-0.0188253790472509
2398,KCA,2002,162,62,100,737,891,-154,0.38271604938271603,0.40624434389140274,-0.02352829450868671
2399,LAN,2002,162,92,70,713,643,70,0.5679012345679012,0.551485217255467,0.01641601731243425
2400,MIL,2002,162,56,106,627,821,-194,0.345679012345679,0.3683846060140371,-0.022705593668358115
2401,MIN,2002,161,94,67,768,712,56,0.5838509316770186,0.5377837427787827,0.04606718889823591
2402,MON,2002,162,83,79,735,718,17,0.5123456790123457,0.5116983298113472,0.0006473492009985149
2403,NYA,2002,161,103,58,897,697,200,0.639751552795031,0.6235258652622638,0.016225687532767208
2404,NYN,2002,161,75,86,690,703,-13,0.4658385093167702,0.490668436549594,-0.024829927232823845
2405,OAK,2002,162,103,59,800,654,146,0.6358024691358025,0.5994103300877761,0.036392139048026406
2406,PHI,2002,161,80,81,710,724,-14,0.4968944099378882,0.4902380294784669,0.006656380459421296
2407,PIT,2002,161,72,89,641,730,-89,0.4472049689440994,0.4353562955812842,0.011848673362815199
2408,SDN,2002,162,66,96,662,815,-153,0.4074074074074074,0.39751140394877316,0.009896003458634228
2409,SEA,2002,162,93,69,814,699,115,0.5740740740740741,0.5755713400920954,-0.0014972660180213593
2410,SFN,2002,162,95,66,783,616,167,0.5900621118012422,0.617693908084772,-0.02763179628352974
2411,SLN,2002,162,97,65,787,648,139,0.5987654320987654,0.595963716944441,0.00280171515432448
2412,TBA,2002,161,55,106,673,918,-245,0.3416149068322981,0.34957585094157156,-0.007960944109273449
2413,TEX,2002,162,72,90,843,882,-39,0.4444444444444444,0.4774028549490015,-0.032958410504557056
2414,TOR,2002,162,78,84,813,828,-15,0.48148148148148145,0.49085999585608586,-0.009378514374604408
2415,ANA,2003,162,77,85,736,743,-7,0.47530864197530864,0.49526717836424394,-0.0199585363889353
2416,ARI,2003,162,84,78,717,685,32,0.5185185185185185,0.5228126519097663,-0.004294133391247845
2417,ATL,2003,162,101,61,907,740,167,0.6234567901234568,0.6003646052651744,0.02309218485828235
2418,BAL,2003,163,71,91,743,820,-77,0.4382716049382716,0.4508550376536712,-0.012583432715399578
2419,BOS,2003,162,95,67,961,809,152,0.5864197530864198,0.5852470402445624,0.0011727128418573818
2420,CHA,2003,162,86,76,791,715,76,0.5308641975308642,0.5503366153402304,-0.01947241780936615
2421,CHN,2003,162,88,74,724,683,41,0.5432098765432098,0.5291152912437606,0.014094585299449292
2422,CIN,2003,162,69,93,694,886,-192,0.42592592592592593,0.3802493541928516,0.04567657173307432
2423,CLE,2003,162,68,94,699,778,-79,0.41975308641975306,0.44666578296621673,-0.026912696546463666
2424,COL,2003,162,74,88,853,892,-39,0.4567901234567901,0.4776615879097181,-0.02087146445292798
2425,DET,2003,162,43,119,591,928,-337,0.2654320987654321,0.2885510940010657,-0.0231189952356336
2426,FLO,2003,162,91,71,751,692,59,0.5617283950617284,0.5408188020501216,0.020909593011606886
2427,HOU,2003,162,87,75,805,677,128,0.5370370370370371,0.5857302454729679,-0.048693208435930835
2428,KCA,2003,162,83,79,836,867,-31,0.5123456790123457,0.4818028588466033,0.030542820165742446
2429,LAN,2003,162,85,77,574,556,18,0.5246913580246914,0.5159251626965983,0.008766195328093085
2430,MIL,2003,162,68,94,714,873,-159,0.41975308641975306,0.400806651335574,0.018946435084179036
2431,MIN,2003,162,90,72,801,758,43,0.5555555555555556,0.5275608161721477,0.027994739383407907
2432,MON,2003,162,83,79,711,716,-5,0.5123456790123457,0.4964961887766076,0.015849490235738117
2433,NYA,2003,163,101,61,877,716,161,0.6234567901234568,0.6000452493983001,0.02341154072515672
2434,NYN,2003,161,66,95,642,754,-112,0.40993788819875776,0.4202838846514663,-0.010345996452708561
2435,OAK,2003,162,96,66,768,643,125,0.5925925925925926,0.5878998039416988,0.004692788650893731
2436,PHI,2003,162,86,76,791,697,94,0.5308641975308642,0.5629209439581103,-0.0320567464272461
2437,PIT,2003,162,75,87,753,801,-48,0.46296296296296297,0.46914141038051976,-0.006178447417556798
2438,SDN,2003,162,64,98,678,831,-153,0.3950617283950617,0.39964007667931617,-0.004578348284254463
2439,SEA,2003,162,93,69,795,637,158,0.5740740740740741,0.6090081461253389,-0.034934072051264864
2440,SFN,2003,161,100,61,755,638,117,0.6211180124223602,0.583403014526098,0.0377149978962622
2441,SLN,2003,162,85,77,876,796,80,0.5246913580246914,0.5477376030698248,-0.023046245045133418
2442,TBA,2003,162,63,99,715,852,-137,0.3888888888888889,0.41323499812873193,-0.02434610923984304
2443,TEX,2003,162,71,91,826,969,-143,0.4382716049382716,0.42083668211371933,0.01743492282455228
2444,TOR,2003,162,86,76,894,826,68,0.5308641975308642,0.5394731868523508,-0.008608989321486571
2445,ANA,2004,162,92,70,836,734,102,0.5679012345679012,0.5646950839169653,0.0032061506509358795
2446,ARI,2004,162,51,111,615,899,-284,0.3148148148148148,0.31879358678923087,-0.00397877197441604
2447,ATL,2004,162,96,66,803,668,135,0.5925925925925926,0.591007788032076,0.0015848045605165728
2448,BAL,2004,162,78,84,842,830,12,0.48148148148148145,0.5071766638242347,-0.025695182342753198
2449,BOS,2004,162,98,64,949,768,181,0.6049382716049383,0.6042578459164333,0.0006804256885050153
2450,CHA,2004,162,83,79,865,831,34,0.5123456790123457,0.5200391163105562,-0.0076934372982104815
2451,CHN,2004,162,89,73,789,665,124,0.5493827160493827,0.5846662020801205,-0.03528348603073783
2452,CIN,2004,162,76,86,750,907,-157,0.4691358024691358,0.4060934960787612,0.06304230639037456
2453,CLE,2004,162,80,82,858,857,1,0.49382716049382713,0.5005830901807613,-0.00675592968693417
2454,COL,2004,162,68,94,833,923,-90,0.41975308641975306,0.4488814336487219,-0.029128347228968843
2455,DET,2004,162,72,90,827,844,-17,0.4444444444444444,0.48982750409127207,-0.04538305964682765
2456,FLO,2004,162,83,79,718,700,18,0.5123456790123457,0.512691889999642,-0.0003462109872962582
2457,HOU,2004,162,92,70,803,698,105,0.5679012345679012,0.5696127164617367,-0.0017114818938355203
2458,KCA,2004,162,58,104,720,905,-185,0.35802469135802467,0.3876105202160869,-0.029585828858062213
2459,LAN,2004,162,93,69,761,684,77,0.5740740740740741,0.5531363153154272,0.020937758758646896
2460,MIL,2004,161,67,94,634,757,-123,0.4161490683229814,0.41226044994641053,0.0038886183765708404
2461,MIN,2004,162,92,70,780,715,65,0.5679012345679012,0.5433962264150943,0.024505008152806873
2462,MON,2004,162,67,95,635,769,-134,0.41358024691358025,0.4054199435745124,0.008160303339067865
2463,NYA,2004,162,101,61,897,808,89,0.6234567901234568,0.5520575681333376,0.07139922199011917
2464,NYN,2004,162,71,91,684,731,-47,0.4382716049382716,0.46682105771504573,-0.02854945277677412
2465,OAK,2004,162,91,71,793,742,51,0.5617283950617284,0.5331881198528421,0.028540275208886356
2466,PHI,2004,162,86,76,840,781,59,0.5308641975308642,0.536349131663222,-0.005484934132357733
2467,PIT,2004,161,72,89,680,744,-64,0.4472049689440994,0.4551467808995842,-0.007941811955484823
2468,SDN,2004,162,87,75,768,705,63,0.5370370370370371,0.5426917630692029,-0.005654726032165769
2469,SEA,2004,162,63,99,698,823,-125,0.3888888888888889,0.4183685649097106,-0.029479676020821688
2470,SFN,2004,162,91,71,850,770,80,0.5617283950617284,0.5492625817241904,0.012465813337538045
2471,SLN,2004,162,105,57,855,659,196,0.6481481481481481,0.6273244967416284,0.02082365140651976
2472,TBA,2004,161,70,91,714,842,-128,0.43478260869565216,0.41829072171715515,0.016491886978497017
2473,TEX,2004,162,89,73,860,794,66,0.5493827160493827,0.5398398290263905,0.00954288702299222
2474,TOR,2004,161,67,94,719,823,-104,0.4161490683229814,0.4328605280124593,-0.016711459689477903
2475,ARI,2005,162,77,85,696,856,-160,0.47530864197530864,0.39799137659059836,0.07731726538471029
2476,ATL,2005,162,90,72,769,674,95,0.5555555555555556,0.5655509512383361,-0.009995395682780517
2477,BAL,2005,162,74,88,729,800,-71,0.4567901234567901,0.4536643330735393,0.0031257903832507816
2478,BOS,2005,162,95,67,910,805,105,0.5864197530864198,0.5609958506224066,0.02542390246401316
2479,CHA,2005,162,99,63,741,645,96,0.6111111111111112,0.5689333606878415,0.042177750423269655
2480,CHN,2005,162,79,83,703,714,-11,0.4876543209876543,0.4922375884582248,-0.0045832674705704735
2481,CIN,2005,163,73,89,820,889,-69,0.4506172839506173,0.45969121930976586,-0.009073935359148577
2482,CLE,2005,162,93,69,790,642,148,0.5740740740740741,0.6022596558405966,-0.028185581766522527
2483,COL,2005,162,67,95,740,862,-122,0.41358024691358025,0.4242843107781852,-0.010704063864604929
2484,DET,2005,162,71,91,723,787,-64,0.4382716049382716,0.45769189684247763,-0.019420291904206022
2485,FLO,2005,162,83,79,717,732,-15,0.5123456790123457,0.4896491423575096,0.02269653665483612
2486,HOU,2005,163,89,73,693,609,84,0.5493827160493827,0.5642487046632124,-0.014865988613829706
2487,KCA,2005,162,56,106,701,935,-234,0.345679012345679,0.35983570904478973,-0.014156696699110738
2488,LAA,2005,162,95,67,761,643,118,0.5864197530864198,0.583456078664477,0.0029636744219427857
2489,LAN,2005,162,71,91,685,755,-70,0.4382716049382716,0.4515034880923743,-0.013231883154102675
2490,MIL,2005,162,81,81,726,697,29,0.5,0.5203710194148398,-0.020371019414839764
2491,MIN,2005,162,83,79,688,662,26,0.5123456790123457,0.5192521182815044,-0.006906439269158682
2492,NYA,2005,162,95,67,886,789,97,0.5864197530864198,0.5577168872560687,0.028702865830351088
2493,NYN,2005,162,83,79,722,648,74,0.5123456790123457,0.5538574652460507,-0.041511786233704995
2494,OAK,2005,162,88,74,772,658,114,0.5432098765432098,0.5792168311712546,-0.03600695462804471
2495,PHI,2005,162,88,74,807,726,81,0.5432098765432098,0.552690471644071,-0.009480595100861189
2496,PIT,2005,162,67,95,680,769,-89,0.41358024691358025,0.4388091796906509,-0.025228932777070667
2497,SDN,2005,162,82,80,684,726,-42,0.5061728395061729,0.4702391721243261,0.03593366738184678
2498,SEA,2005,162,69,93,699,751,-52,0.42592592592592593,0.46418399357021933,-0.0382580676442934
2499,SFN,2005,162,75,87,649,745,-96,0.46296296296296297,0.43145849424211197,0.031504468720851
2500,SLN,2005,162,100,62,805,634,171,0.6172839506172839,0.6171778346465318,0.00010611597075216306
2501,TBA,2005,162,67,95,750,936,-186,0.41358024691358025,0.3910062310752984,0.022574015838281836
2502,TEX,2005,162,79,83,865,858,7,0.4876543209876543,0.5040626143147113,-0.01640829332705701
2503,TOR,2005,162,80,82,775,705,70,0.49382716049382713,0.5471917277820799,-0.053364567288252784
2504,WAS,2005,162,81,81,639,673,-34,0.5,0.47410275761973875,0.025897242380261254
2505,ARI,2006,162,76,86,773,788,-15,0.4691358024691358,0.4903916623511559,-0.02125585988202011
2506,ATL,2006,162,79,83,849,805,44,0.4876543209876543,0.52658336413832,-0.03892904315066564
2507,BAL,2006,162,70,92,768,899,-131,0.43209876543209874,0.4218980347275621,0.010200730704536642
2508,BOS,2006,162,86,76,820,825,-5,0.5308641975308642,0.496960514402912,0.03390368312795222
2509,CHA,2006,162,90,72,868,794,74,0.5555555555555556,0.544436575954215,0.011118979601340562
2510,CHN,2006,162,66,96,716,834,-118,0.4074074074074074,0.42430964102326413,-0.016902233615856743
2511,CIN,2006,162,80,82,749,801,-52,0.49382716049382713,0.4664893289716797,0.027337831522147416
2512,CLE,2006,162,78,84,870,782,88,0.48148148148148145,0.5531180394380689,-0.07163655795658747
2513,COL,2006,162,76,86,813,812,1,0.4691358024691358,0.5006153843823397,-0.03147958191320388
2514,DET,2006,162,95,67,822,675,147,0.5864197530864198,0.5972585739174708,-0.010838820831051033
2515,FLO,2006,162,78,84,758,772,-14,0.48148148148148145,0.4908504392814306,-0.009368957799949118
2516,HOU,2006,162,82,80,735,719,16,0.5061728395061729,0.5110027942102904,-0.004829954704117512
2517,KCA,2006,162,62,100,757,971,-214,0.38271604938271603,0.3780280891093681,0.004687960273347946
2518,LAA,2006,162,89,73,766,732,34,0.5493827160493827,0.5226852429225534,0.026697473126829352
2519,LAN,2006,162,88,74,820,751,69,0.5432098765432098,0.5438365061173519,-0.0006266295741420569
2520,MIL,2006,162,75,87,730,833,-103,0.46296296296296297,0.434386027263042,0.02857693569992098
2521,MIN,2006,162,96,66,801,683,118,0.5925925925925926,0.5790152424442058,0.013577350148386791
2522,NYA,2006,162,97,65,930,767,163,0.5987654320987654,0.5951737867545103,0.0035916453442551566
2523,NYN,2006,162,97,65,834,731,103,0.5987654320987654,0.5655308447643215,0.033234587334443955
2524,OAK,2006,162,93,69,771,727,44,0.5740740740740741,0.5293471775737553,0.0447268965003188
2525,PHI,2006,162,85,77,865,812,53,0.5246913580246914,0.5315725197130656,-0.006881161688374271
2526,PIT,2006,162,67,95,691,797,-106,0.41358024691358025,0.42912311605208997,-0.015542869138509718
2527,SDN,2006,162,88,74,731,679,52,0.5432098765432098,0.5368293413113496,0.006380535231860218
2528,SEA,2006,162,78,84,756,792,-36,0.48148148148148145,0.47675675675675677,0.004724724724724683
2529,SFN,2006,161,76,85,746,790,-44,0.4720496894409938,0.4713776536994247,0.0006720357415690992
2530,SLN,2006,161,83,78,781,762,19,0.515527950310559,0.5123118078623893,0.003216142448169701
2531,TBA,2006,162,61,101,689,856,-167,0.3765432098765432,0.3931576859465803,-0.016614476070037076
2532,TEX,2006,162,80,82,835,784,51,0.49382716049382713,0.5314696988522587,-0.037642538358431565
2533,TOR,2006,162,87,75,809,754,55,0.5370370370370371,0.535145221124827,0.0018918159122101041
2534,WAS,2006,162,71,91,746,872,-126,0.4382716049382716,0.4225954894069405,0.01567611553133108
2535,ARI,2007,162,90,72,712,732,-20,0.5555555555555556,0.4861522409586792,0.06940331459687638
2536,ATL,2007,162,84,78,810,733,77,0.5185185185185185,0.5497788231666288,-0.03126030464811036
2537,BAL,2007,162,69,93,756,868,-112,0.42592592592592593,0.43136094674556213,-0.005435020819636205
2538,BOS,2007,162,96,66,867,657,210,0.5925925925925926,0.6352276357219999,-0.04263504312940736
2539,CHA,2007,162,72,90,693,839,-146,0.4444444444444444,0.4055574790781729,0.03888696536627151
2540,CHN,2007,162,85,77,752,690,62,0.5246913580246914,0.5429165018567517,-0.01822514383206031
2541,CIN,2007,162,72,90,783,853,-70,0.4444444444444444,0.4572909036934492,-0.012846459249004794
2542,CLE,2007,162,96,66,811,704,107,0.5925925925925926,0.5702765106816134,0.022316081910979113
2543,COL,2007,163,90,73,860,758,102,0.5521472392638037,0.5627912497983509,-0.010644010534547221
2544,DET,2007,162,88,74,887,797,90,0.5432098765432098,0.5532919637293967,-0.010082087186186861
2545,FLO,2007,162,71,91,790,891,-101,0.4382716049382716,0.4401328367587436,-0.0018612318204719869
2546,HOU,2007,162,73,89,723,813,-90,0.4506172839506173,0.4416067273916151,0.00901055655900218
2547,KCA,2007,162,69,93,706,778,-72,0.42592592592592593,0.45159641938172723,-0.025670493455801302
2548,LAA,2007,162,94,68,822,731,91,0.5802469135802469,0.5583957621410774,0.02185115143916949
2549,LAN,2007,162,82,80,735,727,8,0.5061728395061729,0.5054717923862742,0.0007010471198987123
2550,MIL,2007,162,83,79,801,776,25,0.5123456790123457,0.515848902174586,-0.0035032231622402765
2551,MIN,2007,162,79,83,718,725,-7,0.4876543209876543,0.4951491093013584,-0.007494788313704093
2552,NYA,2007,162,94,68,968,777,191,0.5802469135802469,0.6081597764210097,-0.027912862840762775
2553,NYN,2007,162,88,74,804,750,54,0.5432098765432098,0.5347071260534231,0.00850275048978677
2554,OAK,2007,162,76,86,741,758,-17,0.4691358024691358,0.4886605645021337,-0.01952476203299791
2555,PHI,2007,162,89,73,892,821,71,0.5493827160493827,0.5413766708284996,0.008006045220883107
2556,PIT,2007,162,68,94,724,846,-122,0.41975308641975306,0.42275940162530284,-0.003006315205549781
2557,SDN,2007,163,89,74,741,666,75,0.5460122699386503,0.5531538719592358,-0.007141602020585558
2558,SEA,2007,162,88,74,794,813,-19,0.5432098765432098,0.4881783793620127,0.05503149718119715
2559,SFN,2007,162,71,91,683,720,-37,0.4382716049382716,0.47364626876734334,-0.03537466382907173
2560,SLN,2007,162,78,84,725,829,-104,0.48148148148148145,0.43337433813793114,0.04810714334355032
2561,TBA,2007,162,66,96,782,944,-162,0.4074074074074074,0.4069609891791889,0.00044641822821850363
2562,TEX,2007,162,75,87,816,844,-28,0.46296296296296297,0.4831373277453359,-0.020174364782372944
2563,TOR,2007,162,83,79,753,699,54,0.5123456790123457,0.5371387160030693,-0.02479303699072355
2564,WAS,2007,162,73,89,673,783,-110,0.4506172839506173,0.4248793172347934,0.0257379667158239
2565,ARI,2008,162,82,80,720,706,14,0.5061728395061729,0.5098167256076693,-0.003643886101496463
2566,ATL,2008,162,72,90,753,778,-25,0.4444444444444444,0.4836751562962502,-0.039230711851805766
2567,BAL,2008,161,68,93,782,869,-87,0.422360248447205,0.4474505829799844,-0.025090334532779424
2568,BOS,2008,162,95,67,845,694,151,0.5864197530864198,0.597180137179351,-0.01076038409293123
2569,CHA,2008,163,89,74,811,729,82,0.5460122699386503,0.5530962139725285,-0.007083944033878242
2570,CHN,2008,161,97,64,855,671,184,0.6024844720496895,0.6188487605670526,-0.016364288517363157
2571,CIN,2008,162,74,88,704,800,-96,0.4567901234567901,0.436429215509468,0.020360907947322093
2572,CLE,2008,162,81,81,805,761,44,0.5,0.5280748989932739,-0.028074898993273867
2573,COL,2008,162,74,88,747,822,-75,0.4567901234567901,0.4523078269877514,0.0044822964690386935
2574,DET,2008,162,74,88,821,857,-36,0.4567901234567901,0.4785557582943436,-0.021765634837553505
2575,FLO,2008,161,84,77,770,767,3,0.5217391304347826,0.5019518468255292,0.019787283609253414
2576,HOU,2008,161,86,75,712,743,-31,0.5341614906832298,0.47870382523774946,0.055457665445480364
2577,KCA,2008,162,75,87,691,781,-90,0.46296296296296297,0.4390864064474243,0.02387655651553866
2578,LAA,2008,162,100,62,765,697,68,0.6172839506172839,0.5464112250404749,0.07087272557680901
2579,LAN,2008,162,84,78,700,648,52,0.5185185185185185,0.5385183491884858,-0.019999830669967356
2580,MIL,2008,162,90,72,750,689,61,0.5555555555555556,0.5423145115650377,0.013241043990517842
2581,MIN,2008,163,88,75,829,745,84,0.5398773006134969,0.553215655906223,-0.01333835529272609
2582,NYA,2008,162,89,73,789,727,62,0.5493827160493827,0.5408288084792147,0.008553907570168051
2583,NYN,2008,162,89,73,799,715,84,0.5493827160493827,0.5553119014357712,-0.005929185386388536
2584,OAK,2008,161,75,86,646,690,-44,0.4658385093167702,0.46710155179669943,-0.001263042479929255
2585,PHI,2008,162,92,70,799,680,119,0.5679012345679012,0.579942242058283,-0.012041007490381839
2586,PIT,2008,162,67,95,735,884,-149,0.41358024691358025,0.40874083837174024,0.004839408541840007
2587,SDN,2008,162,63,99,637,764,-127,0.3888888888888889,0.4100892906772852,-0.021200401788396328
2588,SEA,2008,162,61,101,671,811,-140,0.3765432098765432,0.406368629971064,-0.02982542009452077
2589,SFN,2008,162,72,90,640,759,-119,0.4444444444444444,0.41555026423356034,0.02889418021088408
2590,SLN,2008,162,86,76,779,725,54,0.5308641975308642,0.5358580301748573,-0.0049938326439931124
2591,TBA,2008,162,97,65,774,671,103,0.5987654320987654,0.5709199412570272,0.027845490841738263
2592,TEX,2008,162,79,83,901,967,-66,0.4876543209876543,0.46471214558443863,0.022942175403215692
2593,TOR,2008,162,86,76,714,610,104,0.5308641975308642,0.5780681622322814,-0.04720396470141719
2594,WAS,2008,161,59,102,641,825,-184,0.36645962732919257,0.37643494401313415,-0.009975316683941582
2595,ARI,2009,162,70,92,720,782,-62,0.43209876543209874,0.4587919187485176,-0.02669315331641886
2596,ATL,2009,162,86,76,735,641,94,0.5308641975308642,0.5679966270846782,-0.03713242955381402
2597,BAL,2009,162,64,98,741,876,-135,0.3950617283950617,0.4170899619205185,-0.022028233525456797
2598,BOS,2009,162,95,67,872,736,136,0.5864197530864198,0.5839764069796018,0.0024433461068179563
2599,CHA,2009,162,79,83,724,732,-8,0.4876543209876543,0.4945056603773585,-0.00685133938970417
2600,CHN,2009,161,83,78,707,672,35,0.515527950310559,0.5253643714271,-0.009836421116541039
2601,CIN,2009,162,78,84,673,723,-50,0.48148148148148145,0.46422926886265475,0.0172522126188267
2602,CLE,2009,162,65,97,773,865,-92,0.4012345679012346,0.4440105695394552,-0.04277600163822065
2603,COL,2009,162,92,70,804,715,89,0.5679012345679012,0.5583907273498433,0.009510507218057906
2604,DET,2009,163,86,77,743,745,-2,0.5276073619631901,0.498655916406672,0.02895144555651813
2605,FLO,2009,162,87,75,772,766,6,0.5370370370370371,0.5039011109795898,0.03313592605744731
2606,HOU,2009,162,74,88,643,770,-127,0.4567901234567901,0.41084057320074846,0.04594955025604164
2607,KCA,2009,162,65,97,686,842,-156,0.4012345679012346,0.39895893383973685,0.002275634061497722
2608,LAA,2009,162,97,65,883,761,122,0.5987654320987654,0.5738028127552786,0.02496261934348687
2609,LAN,2009,162,95,67,780,611,169,0.5864197530864198,0.6197280082630401,-0.03330825517662028
2610,MIL,2009,162,80,82,785,818,-33,0.49382716049382713,0.4794223203192285,0.014404840174598643
2611,MIN,2009,163,87,76,817,765,52,0.5337423312883436,0.5328343101458114,0.0009080211425321894
2612,NYA,2009,162,103,59,915,753,162,0.6358024691358025,0.5962147334418623,0.03958773569394025
2613,NYN,2009,162,70,92,671,757,-86,0.43209876543209874,0.4399935502154814,-0.00789478478338268
2614,OAK,2009,162,75,87,759,761,-2,0.46296296296296297,0.4986842128043407,-0.035721249841377756
2615,PHI,2009,162,93,69,820,709,111,0.5740740740740741,0.5722158727781319,0.0018582012959421634
2616,PIT,2009,161,62,99,636,768,-132,0.38509316770186336,0.4068066618392469,-0.02171349413738355
2617,SDN,2009,162,75,87,638,769,-131,0.46296296296296297,0.40769427236442124,0.055268690598541725
2618,SEA,2009,162,85,77,640,692,-52,0.5246913580246914,0.4610203677357777,0.06367099028891365
2619,SFN,2009,162,88,74,657,611,46,0.5432098765432098,0.5362299216119856,0.006979954931224275
2620,SLN,2009,162,91,71,730,640,90,0.5617283950617284,0.5654111405835544,-0.003682745521825903
2621,TBA,2009,162,84,78,803,754,49,0.5185185185185185,0.5314396390085097,-0.012921120489991167
2622,TEX,2009,162,87,75,784,740,44,0.5370370370370371,0.5288473451631999,0.008189691873837224
2623,TOR,2009,162,75,87,798,771,27,0.46296296296296297,0.5172033185921567,-0.05424035562919377
2624,WAS,2009,162,59,103,710,874,-164,0.36419753086419754,0.3975627298939412,-0.033365199029743664
2625,ARI,2010,162,65,97,713,836,-123,0.4012345679012346,0.4210914753595938,-0.01985690745835922
2626,ATL,2010,162,91,71,738,629,109,0.5617283950617284,0.5792328921550381,-0.0175044970933097
2627,BAL,2010,162,66,96,613,785,-172,0.4074074074074074,0.37880168630052197,0.028605721106885418
2628,BOS,2010,162,89,73,818,744,74,0.5493827160493827,0.5472690690788936,0.0021136469704891026
2629,CHA,2010,162,88,74,752,704,48,0.5432098765432098,0.5329312424607962,0.010278634082413696
2630,CHN,2010,162,75,87,685,767,-82,0.46296296296296297,0.4437057098062059,0.01925725315675708
2631,CIN,2010,162,91,71,790,685,105,0.5617283950617284,0.5708275215512313,-0.00909912648950284
2632,CLE,2010,162,69,93,646,752,-106,0.42592592592592593,0.4246108137807533,0.0013151121451726033
2633,COL,2010,162,83,79,770,717,53,0.5123456790123457,0.5355970113524163,-0.023251332340070596
2634,DET,2010,162,81,81,751,743,8,0.5,0.5053545988082971,-0.00535459880829714
2635,FLO,2010,162,80,82,719,717,2,0.49382716049382713,0.5013927549585374,-0.007565594464710279
2636,HOU,2010,162,76,86,611,729,-118,0.4691358024691358,0.41261790393495745,0.056517898534178324
2637,KCA,2010,162,67,95,676,845,-169,0.41358024691358025,0.3902439024390244,0.023336344474555848
2638,LAA,2010,162,80,82,681,702,-21,0.49382716049382713,0.4848191184080538,0.009008042085773327
2639,LAN,2010,162,80,82,667,692,-25,0.49382716049382713,0.4816103438906288,0.012216816603198344
2640,MIL,2010,162,77,85,750,804,-54,0.47530864197530864,0.4652928739465769,0.01001576802873172
2641,MIN,2010,162,94,68,781,671,110,0.5802469135802469,0.5753252682036065,0.004921645376640416
2642,NYA,2010,162,95,67,859,693,166,0.5864197530864198,0.6057489758892729,-0.019329222802853097
2643,NYN,2010,162,79,83,656,652,4,0.4876543209876543,0.5030580753764144,-0.015403754388760127
2644,OAK,2010,162,81,81,663,626,37,0.5,0.528680790671662,-0.02868079067166196
2645,PHI,2010,162,97,65,772,640,132,0.5987654320987654,0.5926745055609477,0.006090926537817731
2646,PIT,2010,162,57,105,587,866,-279,0.35185185185185186,0.3148114478883534,0.03704040396349845
2647,SDN,2010,162,90,72,665,581,84,0.5555555555555556,0.5671107201206484,-0.011555164565092868
2648,SEA,2010,162,61,101,513,698,-185,0.3765432098765432,0.3507175764586412,0.025825633417902005
2649,SFN,2010,162,92,70,697,583,114,0.5679012345679012,0.5883616043638231,-0.020460369795921918
2650,SLN,2010,162,86,76,736,641,95,0.5308641975308642,0.5686637405690038,-0.037799543038139594
2651,TBA,2010,162,96,66,802,649,153,0.5925925925925926,0.6042850230880163,-0.011692430495423789
2652,TEX,2010,162,90,72,787,687,100,0.5555555555555556,0.5675317820876759,-0.011976226532120271
2653,TOR,2010,162,85,77,755,728,27,0.5246913580246914,0.518200305633863,0.006491052390828367
2654,WAS,2010,162,69,93,655,742,-87,0.42592592592592593,0.4379642891049205,-0.012038363178994593
2655,ARI,2011,162,94,68,731,662,69,0.5802469135802469,0.5494121457323374,0.030834767847909506
2656,ATL,2011,162,89,73,641,605,36,0.5493827160493827,0.5288683573044873,0.020514358744895378
2657,BAL,2011,162,69,93,708,860,-152,0.42592592592592593,0.4039636898161281,0.021962236109797806
2658,BOS,2011,162,90,72,875,737,138,0.5555555555555556,0.5849851084280643,-0.029429552872508702
2659,CHA,2011,162,79,83,654,706,-52,0.4876543209876543,0.46182052190137257,0.02583379908628175
2660,CHN,2011,162,71,91,654,756,-102,0.4382716049382716,0.4280361710559499,0.010235433882321732
2661,CIN,2011,162,79,83,735,720,15,0.4876543209876543,0.510308182784272,-0.022653861796617714
2662,CLE,2011,162,80,82,704,760,-56,0.49382716049382713,0.46180452024569146,0.03202264024813567
2663,COL,2011,162,73,89,735,774,-39,0.4506172839506173,0.47417232144973104,-0.02355503749911375
2664,DET,2011,162,95,67,787,711,76,0.5864197530864198,0.5506040590635529,0.035815694022866884
2665,FLO,2011,162,72,90,625,702,-77,0.4444444444444444,0.44216909338498056,0.0022753510594638593
2666,HOU,2011,162,56,106,615,796,-181,0.345679012345679,0.3737988478426946,-0.028119835497015633
2667,KCA,2011,162,71,91,730,762,-32,0.4382716049382716,0.478562140337517,-0.040290535399245375
2668,LAA,2011,162,86,76,667,633,34,0.5308641975308642,0.5261359685327669,0.004728228998097328
2669,LAN,2011,161,82,79,644,612,32,0.5093167701863354,0.5254611798094466,-0.016144409623111255
2670,MIL,2011,162,96,66,721,638,83,0.5925925925925926,0.5608473543104053,0.03174523828218723
2671,MIN,2011,162,63,99,619,804,-185,0.3888888888888889,0.3721538068546597,0.016735082034229187
2672,NYA,2011,162,97,65,867,657,210,0.5987654320987654,0.6352276357219999,-0.03646220362323449
2673,NYN,2011,162,77,85,718,742,-24,0.47530864197530864,0.483566084600896,-0.008257442625587363
2674,OAK,2011,162,74,88,645,679,-34,0.4567901234567901,0.4743371650480124,-0.01754704159122228
2675,PHI,2011,162,102,60,713,529,184,0.6296296296296297,0.6449664429530201,-0.01533681332339043
2676,PIT,2011,162,72,90,610,712,-102,0.4444444444444444,0.4233007676521312,0.021143676792313215
2677,SDN,2011,162,71,91,593,611,-18,0.4382716049382716,0.48505317461412195,-0.04678156967585034
2678,SEA,2011,162,67,95,556,675,-119,0.41358024691358025,0.40422563389084953,0.009354613022730718
2679,SFN,2011,162,86,76,570,578,-8,0.5308641975308642,0.49303169727944834,0.03783250025141588
2680,SLN,2011,162,90,72,762,692,70,0.5555555555555556,0.5480317279340977,0.007523827621457868
2681,TBA,2011,162,91,71,707,614,93,0.5617283950617284,0.5700540004219674,-0.008325605360238963
2682,TEX,2011,162,96,66,855,677,178,0.5925925925925926,0.6146403846121508,-0.0220477920195582
2683,TOR,2011,162,81,81,743,761,-18,0.5,0.48803362889751317,0.011966371102486828
2684,WAS,2011,161,80,81,624,643,-19,0.4968944099378882,0.4850073179086351,0.011887092029253088
2685,ARI,2012,162,81,81,734,688,46,0.5,0.5323149886374864,-0.032314988637486386
2686,ATL,2012,162,94,68,700,600,100,0.5802469135802469,0.5764705882352941,0.003776325344952869
2687,BAL,2012,162,93,69,712,705,7,0.5740740740740741,0.5049398935624506,0.06913418051162346
2688,BOS,2012,162,69,93,734,806,-72,0.42592592592592593,0.4533487266827781,-0.02742280075685216
2689,CHA,2012,162,85,77,748,676,72,0.5246913580246914,0.5504328663623484,-0.025741508337657093
2690,CHN,2012,162,61,101,613,759,-146,0.3765432098765432,0.3947775384777013,-0.01823432860115809
2691,CIN,2012,162,97,65,669,588,81,0.5987654320987654,0.5641726700323331,0.03459276206643236
2692,CLE,2012,162,68,94,667,845,-178,0.41975308641975306,0.38388439521828194,0.035868691201471126
2693,COL,2012,162,64,98,758,890,-132,0.3950617283950617,0.42041350324585997,-0.02535177485079826
2694,DET,2012,162,88,74,726,670,56,0.5432098765432098,0.540050165167996,0.0031597113752138695
2695,HOU,2012,162,55,107,583,794,-211,0.3395061728395062,0.3502836678432484,-0.010777495003742199
2696,KCA,2012,162,72,90,676,746,-70,0.4444444444444444,0.4508925576126896,-0.006448113168245173
2697,LAA,2012,162,89,73,767,699,68,0.5493827160493827,0.5462851359006027,0.0030975801487800325
2698,LAN,2012,162,86,76,637,597,40,0.5308641975308642,0.5323808874042546,-0.0015166898733903755
2699,MIA,2012,162,69,93,609,724,-115,0.42592592592592593,0.41436578899444393,0.011560136931482001
2700,MIL,2012,162,83,79,776,733,43,0.5123456790123457,0.5284725726547108,-0.01612689364236508
2701,MIN,2012,162,66,96,701,832,-131,0.4074074074074074,0.4151661210265076,-0.007758713619100188
2702,NYA,2012,162,95,67,804,668,136,0.5864197530864198,0.5916093132230195,-0.005189560136599658
2703,NYN,2012,162,74,88,650,709,-59,0.4567901234567901,0.4566673980550833,0.00012272540170682467
2704,OAK,2012,162,94,68,713,614,99,0.5802469135802469,0.5741914351708053,0.00605547840944165
2705,PHI,2012,162,81,81,684,680,4,0.5,0.5029325261003422,-0.0029325261003422254
2706,PIT,2012,162,79,83,651,674,-23,0.4876543209876543,0.4826467382701062,0.0050075827175481424
2707,SDN,2012,162,76,86,651,710,-59,0.4691358024691358,0.4567308365870928,0.012404965882042984
2708,SEA,2012,162,75,87,619,651,-32,0.46296296296296297,0.4748191364649141,-0.011856173501951117
2709,SFN,2012,162,94,68,718,649,69,0.5802469135802469,0.5503472203688382,0.02989969321140873
2710,SLN,2012,162,88,74,765,648,117,0.5432098765432098,0.5822386977193972,-0.039028821176187334
2711,TBA,2012,162,90,72,697,577,120,0.5555555555555556,0.5933632004377469,-0.03780764488219135
2712,TEX,2012,162,93,69,808,707,101,0.5740740740740741,0.5663716814159292,0.007702392658144874
2713,TOR,2012,162,73,89,716,784,-68,0.4506172839506173,0.45475964063187474,-0.004142356681257453
2714,WAS,2012,162,98,64,731,594,137,0.6049382716049383,0.6023025325829551,0.002635739021983219
2715,ARI,2013,162,81,81,685,695,-10,0.5,0.49275400367550537,0.00724599632449463
2716,ATL,2013,162,96,66,688,548,140,0.5925925925925926,0.6118338055549811,-0.019241212962388565
2717,BAL,2013,162,85,77,745,709,36,0.5246913580246914,0.5247441160398069,-5.275801511550604e-05
2718,BOS,2013,162,97,65,853,656,197,0.5987654320987654,0.6283623142722669,-0.029596882173501426
2719,CHA,2013,162,63,99,598,723,-125,0.3888888888888889,0.4062144665711725,-0.0173255776822836
2720,CHN,2013,162,66,96,602,689,-87,0.4074074074074074,0.43291503658354485,-0.02550762917613747
2721,CIN,2013,162,90,72,698,589,109,0.5555555555555556,0.5840899145811479,-0.028534359025592315
2722,CLE,2013,162,92,70,745,662,83,0.5679012345679012,0.5587861898438389,0.009115044724062327
2723,COL,2013,162,74,88,706,760,-54,0.4567901234567901,0.4632149853722366,-0.0064248619154465
2724,DET,2013,162,93,69,796,624,172,0.5740740740740741,0.6193753225831679,-0.04530124850909378
2725,HOU,2013,162,51,111,610,848,-238,0.3148148148148148,0.34099948313972456,-0.026184668324909732
2726,KCA,2013,162,86,76,648,601,47,0.5308641975308642,0.5375768942715768,-0.00671269674071262
2727,LAA,2013,162,78,84,733,737,-4,0.48148148148148145,0.49727893171229237,-0.015797450230810917
2728,LAN,2013,162,92,70,649,582,67,0.5679012345679012,0.554266539461131,0.013634695106770178
2729,MIA,2013,162,62,100,513,646,-133,0.38271604938271603,0.386737400530504,-0.004021351147787955
2730,MIL,2013,162,74,88,640,687,-47,0.4567901234567901,0.46462613816955906,-0.007836014712768957
2731,MIN,2013,162,66,96,614,788,-174,0.4074074074074074,0.3777742148826583,0.029633192524749108
2732,NYA,2013,162,85,77,650,671,-21,0.5246913580246914,0.4841069687341376,0.040584389290553746
2733,NYN,2013,162,74,88,619,684,-65,0.4567901234567901,0.45023894939819065,0.0065511740585994516
2734,OAK,2013,162,96,66,767,625,142,0.5925925925925926,0.6009608607089081,-0.008368268116315525
2735,PHI,2013,162,73,89,610,749,-139,0.4506172839506173,0.39877783862625804,0.051839445324359246
2736,PIT,2013,162,94,68,634,577,57,0.5802469135802469,0.5469644910428162,0.033282422537430745
2737,SDN,2013,162,76,86,618,700,-82,0.4691358024691358,0.4380244149719471,0.03111138749718867
2738,SEA,2013,162,71,91,624,754,-130,0.4382716049382716,0.40649258997882853,0.031779014959443075
2739,SFN,2013,162,76,86,629,691,-62,0.4691358024691358,0.45313369723818664,0.016002105230949137
2740,SLN,2013,162,97,65,783,596,187,0.5987654320987654,0.6331569082055757,-0.03439147610681026
2741,TBA,2013,163,92,71,700,646,54,0.5644171779141104,0.5400544022148843,0.02436277569922607
2742,TEX,2013,163,91,72,730,636,94,0.558282208588957,0.5684897311275064,-0.010207522538549396
2743,TOR,2013,162,74,88,712,756,-44,0.4567901234567901,0.4700541502855871,-0.013264026828797015
2744,WAS,2013,162,86,76,656,626,30,0.5308641975308642,0.5233881286091665,0.0074760689216977205
2745,ARI,2014,162,64,98,615,742,-127,0.3950617283950617,0.4072238150968627,-0.012162086701800967
2746,ATL,2014,162,79,83,573,597,-24,0.4876543209876543,0.47949580715543755,0.008158513832216774
2747,BAL,2014,162,96,66,705,593,112,0.5925925925925926,0.5856489064116492,0.00694368618094332
2748,BOS,2014,162,71,91,634,715,-81,0.4382716049382716,0.4401712256387288,-0.001899620700457183
2749,CHA,2014,162,73,89,660,758,-98,0.4506172839506173,0.431217109301064,0.019400174649553292
2750,CHN,2014,162,73,89,614,707,-93,0.4506172839506173,0.4299459995780326,0.020671284372584697
2751,CIN,2014,162,76,86,595,612,-17,0.4691358024691358,0.48591828639428797,-0.016782483925152192
2752,CLE,2014,162,85,77,669,653,16,0.5246913580246914,0.5121011018684852,0.012590256156206125
2753,COL,2014,162,66,96,755,818,-63,0.4074074074074074,0.4600132833097553,-0.05260587590234794
2754,DET,2014,162,90,72,757,705,52,0.5555555555555556,0.535522776929446,0.020032778626109526
2755,HOU,2014,162,70,92,629,723,-94,0.43209876543209874,0.43080784433289415,0.0012909210992045894
2756,KCA,2014,162,89,73,651,624,27,0.5493827160493827,0.5211669784069151,0.028215737642467653
2757,LAA,2014,162,98,64,773,630,143,0.6049382716049383,0.6008764828861588,0.004061788718779491
2758,LAN,2014,162,94,68,718,617,101,0.5802469135802469,0.5752248628395259,0.00502205074072104
2759,MIA,2014,162,77,85,645,674,-29,0.47530864197530864,0.4780242697641391,-0.0027156277888304436
2760,MIL,2014,162,82,80,650,657,-7,0.5061728395061729,0.49464437703492015,0.01152846247125272
2761,MIN,2014,162,70,92,715,777,-62,0.43209876543209874,0.45851667423050635,-0.026417908798407608
2762,NYA,2014,162,84,78,633,664,-31,0.5185185185185185,0.4761123356523702,0.04240618286614828
2763,NYN,2014,162,79,83,629,618,11,0.4876543209876543,0.5088204844611062,-0.02116616347345185
2764,OAK,2014,162,88,74,729,572,157,0.5432098765432098,0.6189442422477799,-0.07573436570457004
2765,PHI,2014,162,73,89,619,687,-68,0.4506172839506173,0.4480733923497012,0.0025438916009160595
2766,PIT,2014,162,88,74,682,631,51,0.5432098765432098,0.5387838315272476,0.004426045015962221
2767,SDN,2014,162,77,85,535,577,-42,0.47530864197530864,0.46228401980767303,0.013024622167635613
2768,SEA,2014,162,87,75,634,554,80,0.5370370370370371,0.567036079856448,-0.029999042819410904
2769,SFN,2014,162,88,74,665,614,51,0.5432098765432098,0.5398116015092387,0.0033982750339711654
2770,SLN,2014,162,90,72,619,603,16,0.5555555555555556,0.5130910454356763,0.042464510119879284
2771,TBA,2014,162,77,85,612,625,-13,0.47530864197530864,0.48949186388889254,-0.014183221913583899
2772,TEX,2014,162,67,95,637,773,-136,0.41358024691358025,0.40443517280010527,0.009145074113474982
2773,TOR,2014,162,83,79,723,686,37,0.5123456790123457,0.5262416631012005,-0.01389598408885473
2774,WAS,2014,162,96,66,686,555,131,0.5925925925925926,0.6043967475832273,-0.011804154990634697
2775,ARI,2015,162,79,83,720,713,7,0.4876543209876543,0.5048847403846435,-0.01723041939698916
2776,ATL,2015,162,67,95,573,760,-187,0.41358024691358025,0.36242244149375946,0.05115780541982079
2777,BAL,2015,162,81,81,713,693,20,0.5,0.5142218733626133,-0.014221873362613269
2778,BOS,2015,162,78,84,748,753,-5,0.48148148148148145,0.4966689243710459,-0.015187442889564418
2779,CHA,2015,162,76,86,622,701,-79,0.4691358024691358,0.44049938231895114,0.02863642015018464
2780,CHN,2015,162,97,65,689,608,81,0.5987654320987654,0.5622091818305631,0.036556250268202306
2781,CIN,2015,162,64,98,640,754,-114,0.3950617283950617,0.4187642365527197,-0.02370250815765801
2782,CLE,2015,161,81,80,669,640,29,0.5031055900621118,0.5221434479636847,-0.019037857901572974
2783,COL,2015,162,68,94,737,844,-107,0.41975308641975306,0.4326298979295184,-0.012876811509765329
2784,DET,2015,161,74,87,689,803,-114,0.45962732919254656,0.4240359793842059,0.035591349808340667
2785,HOU,2015,162,86,76,729,618,111,0.5308641975308642,0.5818495344139528,-0.050985336883088594
2786,KCA,2015,162,95,67,724,641,83,0.5864197530864198,0.5605818682711321,0.025837884815287704
2787,LAA,2015,162,85,77,661,675,-14,0.5246913580246914,0.48952210866442736,0.035169249360264
2788,LAN,2015,162,92,70,667,595,72,0.5679012345679012,0.5568671972202265,0.011034037347674719
2789,MIA,2015,162,71,91,613,678,-65,0.4382716049382716,0.44977874278983976,-0.01150713785156815
2790,MIL,2015,162,68,94,655,737,-82,0.41975308641975306,0.4412956673256572,-0.021542580905904163
2791,MIN,2015,162,83,79,696,700,-4,0.5123456790123457,0.4971346940115926,0.01521098500075313
2792,NYA,2015,162,87,75,764,698,66,0.5370370370370371,0.5450518255672798,-0.008014788530242734
2793,NYN,2015,162,90,72,683,613,70,0.5555555555555556,0.5538552320072947,0.0017003235482608847
2794,OAK,2015,162,68,94,694,729,-35,0.41975308641975306,0.47541894643743765,-0.05566586001768459
2795,PHI,2015,162,63,99,626,809,-183,0.3888888888888889,0.3745146255054441,0.014374263383444774
2796,PIT,2015,162,98,64,697,596,101,0.6049382716049383,0.5776391902737731,0.02729908133116521
2797,SDN,2015,162,74,88,650,731,-81,0.4567901234567901,0.4415479364296382,0.01524218702715191
2798,SEA,2015,162,76,86,656,726,-70,0.4691358024691358,0.44947838548085883,0.019657416988276943
2799,SFN,2015,162,84,78,696,627,69,0.5185185185185185,0.5520127172965489,-0.03349419877803039
2800,SLN,2015,162,100,62,647,525,122,0.6172839506172839,0.6029796869643377,0.014304263652946236
2801,TBA,2015,162,80,82,644,642,2,0.49382716049382713,0.5015552061918007,-0.0077280456979735845
2802,TEX,2015,162,88,74,751,733,18,0.5432098765432098,0.5121275958194481,0.031082280723761735
2803,TOR,2015,162,93,69,891,670,221,0.5740740740740741,0.6387939628945084,-0.06471988882043433
2804,WAS,2015,162,83,79,703,635,68,0.5123456790123457,0.5506911928899507,-0.038345513877604986
2805,ARI,2016,162,69,93,752,890,-138,0.42592592592592593,0.41654562007772516,0.009380305848200765
2806,ATL,2016,161,68,93,649,779,-130,0.422360248447205,0.4097118600212832,0.012648388425921808
2807,BAL,2016,162,89,73,744,715,29,0.5493827160493827,0.5198687780638096,0.029513937985573113
2808,BOS,2016,162,93,69,878,694,184,0.5740740740740741,0.6154664196978891,-0.041392345623815
2809,CHA,2016,162,78,84,686,715,-29,0.48148148148148145,0.4793093649453414,0.0021721165361400785
2810,CHN,2016,162,103,58,808,556,252,0.639751552795031,0.6786528066528067,-0.03890125385777565
2811,CIN,2016,162,68,94,716,854,-138,0.41975308641975306,0.41277581137094876,0.006977275048804299
2812,CLE,2016,161,94,67,777,676,101,0.5838509316770186,0.5691771039073069,0.014673827769711711
2813,COL,2016,162,75,87,845,860,-15,0.46296296296296297,0.49120302691546996,-0.028240063952507
2814,DET,2016,161,86,75,750,721,29,0.5341614906832298,0.5197068206785107,0.014454670004719117
2815,HOU,2016,162,84,78,724,701,23,0.5185185185185185,0.5161361472345277,0.0023823712839907696
2816,KCA,2016,162,81,81,675,712,-37,0.5,0.4733426902383102,0.026657309761689785
2817,LAA,2016,162,74,88,717,727,-10,0.4567901234567901,0.4930751243504332,-0.036285000893643116
2818,LAN,2016,162,91,71,725,638,87,0.5617283950617284,0.563570784490532,-0.001842389428803548
2819,MIA,2016,161,79,82,655,682,-27,0.4906832298136646,0.47981376705672096,0.010869462756943615
2820,MIL,2016,162,73,89,671,733,-62,0.4506172839506173,0.45592640223588143,-0.005309118285264147
2821,MIN,2016,162,59,103,722,889,-167,0.36419753086419754,0.39743977798193814,-0.0332422471177406
2822,NYA,2016,162,84,78,680,702,-22,0.5185185185185185,0.48408507502062387,0.03443344349789462
2823,NYN,2016,162,87,75,671,617,54,0.5370370370370371,0.5418519008821441,-0.004814863845106987
2824,OAK,2016,162,69,93,653,761,-108,0.42592592592592593,0.4240639264865295,0.0018619994393964112
2825,PHI,2016,162,71,91,610,796,-186,0.4382716049382716,0.3699851647980146,0.06828644014025703
2826,PIT,2016,162,78,83,729,758,-29,0.484472049689441,0.4805050610078616,0.003966988681579409
2827,SDN,2016,162,68,94,686,770,-84,0.41975308641975306,0.44249907851087356,-0.022745992091120493
2828,SEA,2016,162,86,76,768,707,61,0.5308641975308642,0.5412853213762294,-0.010421123845365199
2829,SFN,2016,162,87,75,715,631,84,0.5370370370370371,0.5621650212341074,-0.025127984197070297
2830,SLN,2016,162,86,76,779,712,67,0.5308641975308642,0.5448457287537541,-0.01398153122288992
2831,TBA,2016,162,68,94,672,713,-41,0.41975308641975306,0.4704230311275656,-0.05066994470781255
2832,TEX,2016,162,95,67,765,757,8,0.5864197530864198,0.5052560965712776,0.08116365651514224
2833,TOR,2016,162,89,73,759,666,93,0.5493827160493827,0.5649863627938178,-0.01560364674443504
2834,WAS,2016,162,95,67,763,612,151,0.5864197530864198,0.6085095530216481,-0.022089799935228305
2835,ARI,2017,162,93,69,812,659,153,0.5740740740740741,0.6028977025945822,-0.028823628520508127
2836,ATL,2017,162,72,90,732,821,-89,0.4444444444444444,0.4428791642042707,0.0015652802401737165
2837,BAL,2017,162,75,87,743,841,-98,0.46296296296296297,0.43836722701754105,0.024595735945421915
2838,BOS,2017,162,93,69,785,668,117,0.5740740740740741,0.5800043107951535,-0.005930236721079396
2839,CHA,2017,162,67,95,706,820,-114,0.41358024691358025,0.4257094930459945,-0.012129246132414229
2840,CHN,2017,162,92,70,822,695,127,0.5679012345679012,0.5831351961536503,-0.015233961585749078
2841,CIN,2017,162,68,94,753,869,-116,0.41975308641975306,0.4288472737998896,-0.00909418738013651
2842,CLE,2017,162,102,60,818,564,254,0.6296296296296297,0.6777861064403071,-0.04815647681067747
2843,COL,2017,162,87,75,824,757,67,0.5370370370370371,0.5423022703220782,-0.005265233285041138
2844,DET,2017,162,64,98,735,894,-159,0.3950617283950617,0.40331521410477794,-0.008253485709716235
2845,HOU,2017,162,101,61,896,700,196,0.6234567901234568,0.6209824135839903,0.002474376539466472
2846,KCA,2017,162,80,82,702,791,-89,0.49382716049382713,0.44059956101333503,0.053227599480492105
2847,LAA,2017,162,80,82,710,709,1,0.49382716049382713,0.5007047212849667,-0.0068775607911395475
2848,LAN,2017,162,104,58,770,580,190,0.6419753086419753,0.6380071021198752,0.0039682065221000595
2849,MIA,2017,162,77,85,778,822,-44,0.47530864197530864,0.47252078115924834,0.0027878608160603058
2850,MIL,2017,162,86,76,732,697,35,0.5308641975308642,0.524477968115752,0.006386229415112243
2851,MIN,2017,162,85,77,815,788,27,0.5246913580246914,0.5168386414549371,0.007852716569754281
2852,NYA,2017,162,91,71,858,660,198,0.5617283950617284,0.6282527881040892,-0.0665243930423608
2853,NYN,2017,162,70,92,735,863,-128,0.43209876543209874,0.4204105233176186,0.011688242114480163
2854,OAK,2017,162,75,87,739,826,-87,0.46296296296296297,0.4445802130744377,0.018382749888525285
2855,PHI,2017,162,66,96,690,782,-92,0.4074074074074074,0.4377431906614786,-0.030335783254071214
2856,PIT,2017,162,75,87,668,731,-63,0.46296296296296297,0.45505896990062056,0.007903993062342407
2857,SDN,2017,162,71,91,604,816,-212,0.4382716049382716,0.35395935855441885,0.08431224638385276
2858,SEA,2017,162,78,84,750,772,-22,0.48148148148148145,0.485548354573736,-0.004066873092254564
2859,SFN,2017,162,64,98,639,776,-137,0.3950617283950617,0.40407937876114425,-0.009017650366082541
2860,SLN,2017,162,83,79,761,705,56,0.5123456790123457,0.5381435232765814,-0.025797844264235703
2861,TBA,2017,162,80,82,694,704,-10,0.49382716049382713,0.4928472901564796,0.0009798703373475326
2862,TEX,2017,162,78,84,799,816,-17,0.48148148148148145,0.4894748504320851,-0.007993368950603652
2863,TOR,2017,162,76,86,693,784,-91,0.4691358024691358,0.4386216155739539,0.030514186895181872
2864,WAS,2017,162,97,65,819,672,147,0.5987654320987654,0.5976424361493123,0.0011229959494530872
2865,ARI,2018,162,82,80,693,644,49,0.5061728395061729,0.536600054749521,-0.030427215243348127
2866,ATL,2018,162,90,72,759,657,102,0.5555555555555556,0.571662052335447,-0.0161064967798914
2867,BAL,2018,162,47,115,622,892,-270,0.29012345679012347,0.32716134989869333,-0.037037893108569864
2868,BOS,2018,162,108,54,876,647,229,0.6666666666666666,0.6470368512249312,0.019629815441735476
2869,CHA,2018,162,62,100,656,848,-192,0.38271604938271603,0.37438752783964363,0.008328521543072398
2870,CHN,2018,163,95,68,761,645,116,0.5828220858895705,0.581945764742058,0.000876321147512571
2871,CIN,2018,162,67,95,696,819,-123,0.41358024691358025,0.41934352917345136,-0.005763282259871105
2872,CLE,2018,162,91,71,818,648,170,0.5617283950617284,0.6144231369625024,-0.052694741900773945
2873,COL,2018,163,91,72,780,745,35,0.558282208588957,0.5229387369190107,0.035343471669946336
2874,DET,2018,162,64,98,630,796,-166,0.3950617283950617,0.3851468584670204,0.009914869928041303
2875,HOU,2018,162,103,59,797,534,263,0.6358024691358025,0.6901707474751865,-0.05436827833938396
2876,KCA,2018,162,58,104,638,833,-195,0.35802469135802467,0.36972640478575897,-0.011701713427734295
2877,LAA,2018,162,80,82,721,722,-1,0.49382716049382713,0.4993069996398127,-0.005479839145985543
2878,LAN,2018,163,92,71,804,610,194,0.5644171779141104,0.6346645511705266,-0.07024737325641617
2879,MIA,2018,161,63,98,589,809,-220,0.391304347826087,0.34643529771260695,0.044869050113480025
2880,MIL,2018,163,96,67,754,659,95,0.588957055214724,0.5669302959621938,0.02202675925253017
2881,MIN,2018,162,78,84,738,775,-37,0.48148148148148145,0.47555989029651546,0.005921591184965991
2882,NYA,2018,162,100,62,851,669,182,0.6172839506172839,0.6180444492994311,-0.0007604986821472259
2883,NYN,2018,162,77,85,676,707,-31,0.47530864197530864,0.4775962166540381,-0.002287574678729476
2884,OAK,2018,162,97,65,813,674,139,0.5987654320987654,0.592667082120969,0.006098349977796458
2885,PHI,2018,162,80,82,677,728,-51,0.49382716049382713,0.4637488326066742,0.030078327887152922
2886,PIT,2018,161,82,79,692,693,-1,0.5093167701863354,0.4992779787157509,0.010038791470584452
2887,SDN,2018,162,66,96,617,767,-150,0.4074074074074074,0.39287682486083275,0.014530582546574633
2888,SEA,2018,162,89,73,677,711,-34,0.5493827160493827,0.47551901229444415,0.07386370375493856
2889,SFN,2018,162,73,89,603,699,-96,0.4506172839506173,0.42666596261484846,0.023951321335768827
2890,SLN,2018,162,88,74,759,691,68,0.5432098765432098,0.5467936391023974,-0.0035837625591875755
2891,TBA,2018,162,90,72,716,646,70,0.5555555555555556,0.5512596078161494,0.004295947739406225
2892,TEX,2018,162,67,95,737,848,-111,0.41358024691358025,0.43031024192072553,-0.016729995007145282
2893,TOR,2018,162,73,89,709,832,-123,0.4506172839506173,0.42068700022177496,0.029930283728842322
2894,WAS,2018,162,82,80,771,682,89,0.5061728395061729,0.5610236276207688,-0.05485078811459598
2895,ARI,2019,162,85,77,813,743,70,0.5246913580246914,0.5448962834846639,-0.020204925459972545
2896,ATL,2019,162,97,65,855,743,112,0.5987654320987654,0.5697450030161939,0.02902042908257152
2897,BAL,2019,162,54,108,729,981,-252,0.3333333333333333,0.35576401691790477,-0.022430683584571454
2898,BOS,2019,162,84,78,901,828,73,0.5185185185185185,0.542145807524451,-0.023627289005932472
2899,CHA,2019,161,72,89,708,832,-124,0.4472049689440994,0.41999919563497917,0.027205773309120218
2900,CHN,2019,162,84,78,814,717,97,0.5185185185185185,0.5631039743006837,-0.04458545578216522
2901,CIN,2019,162,75,87,701,711,-10,0.46296296296296297,0.492918202226453,-0.02995523926349003
2902,CLE,2019,162,93,69,769,657,112,0.5740740740740741,0.5780598430122873,-0.00398576893821323
2903,COL,2019,162,71,91,835,958,-123,0.4382716049382716,0.4317212067698294,0.0065503981684422175
2904,DET,2019,161,47,114,582,915,-333,0.2919254658385093,0.28804310391011856,0.003882361928390754
2905,HOU,2019,162,107,55,920,640,280,0.6604938271604939,0.6738853503184713,-0.013391523157977425
2906,KCA,2019,162,59,103,691,869,-178,0.36419753086419754,0.38736388992099896,-0.023166359056801422
2907,LAA,2019,162,72,90,769,868,-99,0.4444444444444444,0.43974389958246113,0.004700544861983291
2908,LAN,2019,162,106,56,886,613,273,0.654320987654321,0.67627469815165,-0.02195371049732897
2909,MIA,2019,162,57,105,615,808,-193,0.35185185185185186,0.3668209048879389,-0.014969053036087032
2910,MIL,2019,162,89,73,769,766,3,0.5493827160493827,0.5019543899290139,0.04742832612036885
2911,MIN,2019,162,101,61,939,754,185,0.6234567901234568,0.6079840743271617,0.015472715796295056
2912,NYA,2019,162,103,59,943,739,204,0.6358024691358025,0.6195259758807834,0.01627649325501912
2913,NYN,2019,162,86,76,791,737,54,0.5308641975308642,0.5352962313384951,-0.0044320338076309085
2914,OAK,2019,162,97,65,845,680,165,0.5987654320987654,0.606944769109803,-0.008179337011037568
2915,PHI,2019,162,81,81,774,794,-20,0.5,0.4872469727826975,0.012753027217302482
2916,PIT,2019,162,69,93,758,911,-153,0.42592592592592593,0.40909230073656894,0.016833625189356993
2917,SDN,2019,162,70,92,682,789,-107,0.43209876543209874,0.42764321079028544,0.004455554641813297
2918,SEA,2019,162,68,94,758,893,-135,0.41975308641975306,0.4187744576764214,0.0009786287433316554
2919,SFN,2019,162,77,85,678,773,-95,0.47530864197530864,0.43480736615989396,0.04050127581541468
2920,SLN,2019,162,91,71,764,662,102,0.5617283950617284,0.5711646476309764,-0.00943625256924796
2921,TBA,2019,162,96,66,769,656,113,0.5925925925925926,0.5788027174397106,0.013789875152881992
2922,TEX,2019,162,78,84,810,878,-68,0.48148148148148145,0.45978090854557585,0.021700572935905604
2923,TOR,2019,162,67,95,726,828,-102,0.41358024691358025,0.4346445005195191,-0.021064253605938832
2924,WAS,2019,162,93,69,873,724,149,0.5740740740740741,0.592494781564248,-0.018420707490173882
2925,ARI,2020,60,25,35,269,295,-26,0.4166666666666667,0.4539984691252682,-0.037331802458601515
2926,ATL,2020,60,35,25,348,288,60,0.5833333333333334,0.5935074100211715,-0.010174076687838096
2927,BAL,2020,60,25,35,274,294,-20,0.4166666666666667,0.4648323344395463,-0.04816566777287962
2928,BOS,2020,60,24,36,292,351,-59,0.4,0.4090087064974936,-0.00900870649749358
2929,CHA,2020,60,35,25,306,246,60,0.5833333333333334,0.6074264362447455,-0.02409310291141209
2930,CHN,2020,60,34,26,265,240,25,0.5666666666666667,0.5493839233326814,0.017282743333985273
2931,CIN,2020,60,31,29,243,243,0,0.5166666666666667,0.5,0.01666666666666672
2932,CLE,2020,60,35,25,248,209,39,0.5833333333333334,0.5847221562009792,-0.0013888228676458558
2933,COL,2020,60,26,34,275,353,-78,0.43333333333333335,0.37768311076041033,0.055650222572923014
2934,DET,2020,58,23,35,249,318,-69,0.39655172413793105,0.38008275862068963,0.01646896551724142
2935,HOU,2020,60,29,31,279,275,4,0.48333333333333334,0.5072198402251965,-0.02388650689186317
2936,KCA,2020,60,26,34,248,272,-24,0.43333333333333335,0.45394426074633915,-0.020610927413005797
2937,LAA,2020,60,26,34,294,321,-27,0.43333333333333335,0.4561820168147057,-0.022848683481372367
2938,LAN,2020,60,43,17,349,213,136,0.7166666666666667,0.7286056110546151,-0.011938944387948403
2939,MIA,2020,60,31,29,263,304,-41,0.5166666666666667,0.4280657239223938,0.08860094274427294
2940,MIL,2020,60,29,31,247,264,-17,0.48333333333333334,0.4667686775563291,0.016564655777004222
2941,MIN,2020,60,36,24,269,215,54,0.6,0.6101985057258024,-0.010198505725802387
2942,NYA,2020,60,33,27,315,270,45,0.55,0.5764705882352941,-0.026470588235294024
2943,NYN,2020,60,26,34,286,308,-22,0.43333333333333335,0.46301369863013697,-0.029680365296803624
2944,OAK,2020,60,36,24,274,232,42,0.6,0.5824359968968192,0.017564003103180736
2945,PHI,2020,60,28,32,306,311,-5,0.4666666666666667,0.49189680442536915,-0.025230137758702476
2946,PIT,2020,60,19,41,219,298,-79,0.31666666666666665,0.35068182649069574,-0.034015159824029084
2947,SDN,2020,60,37,23,325,241,84,0.6166666666666667,0.6452115377567103,-0.028544871090043555
2948,SEA,2020,60,27,33,254,303,-49,0.45,0.4127043019350712,0.03729569806492883
2949,SFN,2020,60,29,31,299,297,2,0.48333333333333334,0.5033556669106469,-0.02002233357731359
2950,SLN,2020,58,30,28,240,229,11,0.5172413793103449,0.5234412628020465,-0.006199883491701641
2951,TBA,2020,60,40,20,289,229,60,0.6666666666666666,0.6142966417087127,0.05237002495795395
2952,TEX,2020,60,22,38,224,312,-88,0.36666666666666664,0.3401301518438178,0.026536514822848856
2953,TOR,2020,60,32,28,302,312,-10,0.5333333333333333,0.4837176740140442,0.04961565931928913
2954,WAS,2020,60,26,34,293,301,-8,0.43333333333333335,0.4865344290167186,-0.05320109568338527
2955,ARI,2021,162,52,110,679,893,-214,0.32098765432098764,0.36634458756128374,-0.045356933240296105
2956,ATL,2021,161,88,73,790,656,134,0.546583850931677,0.5918803986206844,-0.04529654768900737
2957,BAL,2021,162,52,110,659,956,-297,0.32098765432098764,0.32211506011272667,-0.0011274057917390334
2958,BOS,2021,162,92,70,829,749,80,0.5679012345679012,0.5505671175941844,0.017334116973716784
2959,CHA,2021,162,93,69,796,636,160,0.5740740740740741,0.6103541814370703,-0.03628010736299625
2960,CHN,2021,162,71,91,705,839,-134,0.4382716049382716,0.4138612393896145,0.02441036554865711
2961,CIN,2021,162,83,79,786,760,26,0.5123456790123457,0.5168128385907265,-0.0044671595783807305
2962,CLE,2021,162,80,82,717,727,-10,0.49382716049382713,0.4930751243504332,0.0007520361433939193
2963,COL,2021,161,74,87,739,796,-57,0.45962732919254656,0.4629175824781286,-0.0032902532855820232
2964,DET,2021,162,77,85,697,756,-59,0.47530864197530864,0.45946119762234655,0.015847444352962092
2965,HOU,2021,162,95,67,863,658,205,0.5864197530864198,0.6323750799204914,-0.04595532683407155
2966,KCA,2021,162,74,88,686,788,-102,0.4567901234567901,0.4311303296260329,0.02565979383075717
2967,LAA,2021,162,77,85,723,804,-81,0.47530864197530864,0.4471036526692583,0.028204989306050365
2968,LAN,2021,162,106,56,830,561,269,0.654320987654321,0.686414493120411,-0.03209350546609002
2969,MIA,2021,162,67,95,623,701,-78,0.41358024691358025,0.44129137152797515,-0.0277111246143949
2970,MIL,2021,162,95,67,738,623,115,0.5864197530864198,0.5838976900060358,0.0025220630803840516
2971,MIN,2021,162,73,89,729,834,-105,0.4506172839506173,0.4331233083699471,0.017493975580670174
2972,NYA,2021,162,92,70,711,669,42,0.5679012345679012,0.5304066176887193,0.037494616879181875
2973,NYN,2021,162,77,85,636,668,-32,0.47530864197530864,0.4754748918563099,-0.00016624988100127913
2974,OAK,2021,162,86,76,743,687,56,0.5308641975308642,0.5391008751799284,-0.008236677649064217
2975,PHI,2021,162,82,80,734,745,-11,0.5061728395061729,0.49256295364428526,0.013609885861887605
2976,PIT,2021,162,61,101,609,833,-224,0.3765432098765432,0.34832029452369995,0.02822291535284327
2977,SDN,2021,162,79,83,729,708,21,0.4876543209876543,0.5146106584164888,-0.026956337428834465
2978,SEA,2021,162,90,72,697,748,-51,0.5555555555555556,0.4647497926458391,0.09080576290971648
2979,SFN,2021,162,107,55,804,594,210,0.6604938271604939,0.6468998811110711,0.013593946049422767
2980,SLN,2021,162,90,72,706,672,34,0.5555555555555556,0.524658428243616,0.03089712731193961
2981,TBA,2021,162,100,62,857,651,206,0.6172839506172839,0.6341023095186704,-0.0168183589013865
2982,TEX,2021,162,60,102,625,815,-190,0.37037037037037035,0.3703133146892923,5.7055681078055365e-05
2983,TOR,2021,162,91,71,846,663,183,0.5617283950617284,0.61951466521248,-0.05778627015075155
2984,WAS,2021,162,65,97,724,820,-96,0.4012345679012346,0.4380632738747894,-0.03682870597355481
